78654,7865,ph,12-12-2020,10-08-2018,456,1235,748
78654,7855,ph,12-12-2020,10-08-2018,456,1235,748
78654,7895,ph,12-12-2020,10-08-2018,456,1235,748
78654,7865,ph,12-12-2020,10-08-2018,456,1235,748
78654,7865,ph,12-12-2020,10-08-2018,456,1235,748
78654,7865,ph,12-12-2020,10-08-2018,456,1235,748
78654,7865,ph,12-12-2020,10-08-2018,456,1235,748
78654,7865,ph,12-12-2020,10-08-2018,456,1235,748
78654,7865,ph,12-12-2020,10-08-2018,456,1235,748
78654,7865,ph,12-12-2020,10-08-2018,456,1235,748
